{"cameraMode":{"drawMode":0,"name":"Shaded","section":"Shading Mode"},"sceneLighting":true,"audioPlay":false,"sceneViewState":{"m_AlwaysRefresh":false,"showFog":true,"showSkybox":true,"showFlares":true,"showImageEffects":true,"showParticleSystems":true,"showVisualEffectGraphs":true,"m_FxEnabled":true},"in2DMode":false,"pivot":{"x":13.889126777648926,"y":-41.60236740112305,"z":41.74712371826172},"rotation":{"x":0.36902809143066409,"y":0.015331689268350602,"z":-0.006081920582801104,"w":0.929320216178894},"size":48.350502014160159,"orthographic":false}